4200626C6F636B73	1
4200626C6F636B735F7065725F6B6579	1
420062797465735F7065725F626C6F636B	1
420073697A65	1
5300626C6F6269645F6D6178	1
5300626C756566735F657874656E7473	1
5300626C756566735F657874656E74735F6261636B	1
5300667265656C6973745F74797065	1
53006D696E5F616C6C6F635F73697A65	1
53006D696E5F636F6D7061745F6F6E6469736B5F666F726D6174	1
53006E69645F6D6178	1
53006F6E6469736B5F666F726D6174	1
62000000000000000000	1
62000000006FA7800000	1
43006D657461	1
4F007F7FFFFFFFFFFFFFFF7B3F43C4216F73645F7375706572626C6F636B213D0000000000000000FFFFFFFFFFFFFFFF6F	1
5400FFFFFFFFFFFFFFFF	1
